year,n,share_present
2013,1651,0.7213809812235009
2017,1779,0.5609893198426082
2021,1785,0.47170868347338935
